{
  "top_words": [
    [
      "csak",
      14316
    ],
    [
      "most",
      12967
    ],
    [
      "vagy",
      12489
    ],
    [
      "te",
      12359
    ],
    [
      "hanem",
      10732
    ]
  ],
  "top_names": [
    [
      "Nem",
      8015
    ],
    [
      "Ezt",
      6620
    ],
    [
      "Parázs",
      5493
    ],
    [
      "Nexis",
      4848
    ],
    [
      "Mert",
      3833
    ]
  ],
  "total_words": 1088204,
  "unique_words": 70940,
  "text_length": 7607857
}