{
  "top_words": [
    [
      "self",
      2056
    ],
    [
      "flare",
      1106
    ],
    [
      "vagy",
      915
    ],
    [
      "hanem",
      876
    ],
    [
      "csak",
      831
    ]
  ],
  "top_names": [
    [
      "Flare",
      534
    ],
    [
      "Parázs",
      515
    ],
    [
      "Nem",
      491
    ],
    [
      "Nexis",
      447
    ],
    [
      "Ezt",
      338
    ]
  ],
  "total_words": 90092,
  "unique_words": 13268,
  "text_length": 712660
}