{
  "top_words": [
    [
      "vagy",
      136
    ],
    [
      "csak",
      128
    ],
    [
      "hanem",
      106
    ],
    [
      "te",
      97
    ],
    [
      "most",
      90
    ]
  ],
  "top_names": [
    [
      "Flare",
      62
    ],
    [
      "Nem",
      56
    ],
    [
      "Ezt",
      50
    ],
    [
      "Parázs",
      44
    ],
    [
      "Nexis",
      33
    ]
  ],
  "total_words": 10584,
  "unique_words": 3472,
  "text_length": 79011
}