{
  "top_words": [
    [
      "vagy",
      389
    ],
    [
      "csak",
      374
    ],
    [
      "hanem",
      312
    ],
    [
      "te",
      290
    ],
    [
      "én",
      260
    ]
  ],
  "top_names": [
    [
      "Nem",
      199
    ],
    [
      "Flare",
      158
    ],
    [
      "Ezt",
      149
    ],
    [
      "Nexis",
      139
    ],
    [
      "Mert",
      91
    ]
  ],
  "total_words": 30589,
  "unique_words": 7830,
  "text_length": 216794
}