{
  "top_words": [
    [
      "vagy",
      436
    ],
    [
      "csak",
      421
    ],
    [
      "te",
      365
    ],
    [
      "most",
      324
    ],
    [
      "hanem",
      288
    ]
  ],
  "top_names": [
    [
      "Nem",
      187
    ],
    [
      "Ezt",
      186
    ],
    [
      "Flare",
      110
    ],
    [
      "Doni",
      105
    ],
    [
      "Parázs",
      79
    ]
  ],
  "total_words": 27275,
  "unique_words": 6856,
  "text_length": 189528
}