{
  "top_words": [
    [
      "mi",
      92
    ],
    [
      "nexis",
      69
    ],
    [
      "flare",
      64
    ],
    [
      "hanem",
      37
    ],
    [
      "donát",
      32
    ]
  ],
  "top_names": [
    [
      "Nexis",
      69
    ],
    [
      "Flare",
      64
    ],
    [
      "Donát",
      32
    ],
    [
      "Nem",
      6
    ],
    [
      "Parázs",
      5
    ]
  ],
  "total_words": 3690,
  "unique_words": 1492,
  "text_length": 29225
}