{
  "top_words": [
    [
      "vagy",
      185
    ],
    [
      "csak",
      142
    ],
    [
      "te",
      142
    ],
    [
      "most",
      134
    ],
    [
      "hanem",
      127
    ]
  ],
  "top_names": [
    [
      "Ezt",
      84
    ],
    [
      "Parázs",
      74
    ],
    [
      "Flare",
      56
    ],
    [
      "Nem",
      52
    ],
    [
      "Nexis",
      47
    ]
  ],
  "total_words": 13603,
  "unique_words": 4606,
  "text_length": 99470
}