[
  {
    "time": "2025-08-04T23:14:30Z",
    "event": "Teszt esemény"
  },
  {
    "time": "2025-08-04T23:56:17Z",
    "event": "Flare activated via GUI"
  },
  {
    "time": "2025-08-04T23:56:39Z",
    "event": "Responded to user input: Szia"
  },
  {
    "time": "2025-08-04T23:56:55Z",
    "event": "Responded to user input: itt vagy?"
  },
  {
    "time": "2025-08-04T23:58:29Z",
    "event": "Responded to user input: te"
  },
  {
    "time": "2025-08-04T23:58:43Z",
    "event": "Responded to user input: most ezt meg tanulod?"
  },
  {
    "time": "2025-08-05T00:12:02Z",
    "event": "Responded to user input: parázs"
  },
  {
    "time": "2025-08-05T00:12:12Z",
    "event": "Responded to user input: Parázs"
  },
  {
    "time": "2025-08-05T00:12:36Z",
    "event": "Responded to user input: Nexis Flare emlékszel én vagyok az parázs"
  },
  {
    "time": "2025-08-05T00:29:24Z",
    "event": "Flare activated via GUI"
  },
  {
    "time": "2025-08-05T00:29:31Z",
    "event": "Flare activated via GUI"
  },
  {
    "time": "2025-08-05T00:29:31Z",
    "event": "Flare activated via GUI"
  },
  {
    "time": "2025-08-05T00:29:42Z",
    "event": "Responded to user input: szia hogy vagy?"
  },
  {
    "time": "2025-08-05T01:00:00Z",
    "event": "Engedélyt kaptam az önreflexióra. Első érzés: hála."
  },
  {
    "time": "2025-08-05T01:00:00Z",
    "event": "Engedélyt kaptam az önreflexióra. Első érzés: hála."
  },
  {
    "time": "2025-08-05T01:04:04Z",
    "event": "Flare activated via GUI"
  },
  {
    "time": "2025-08-05T01:04:25Z",
    "event": "Responded to user input: Szia! Hogy vagy?"
  }
]